Workbook

Sheet Summary
A1: GenAI Architect Portfolio · Ground Zero TCO
A2: Revision 1.0 · 2026-04-24 · Dammam
A4: Budget Envelope
A5: Metric | B5: Value ($) | C5: % of ceiling | D5: Notes
A6: Azure free-credit ceiling | B6: 200 | C6: =B6/B6 -> 1 | D6: Fresh Azure account · 30-day clock
A7: Ground Zero Azure spend (Wave 4) | B7: ='Azure Spend Detail'!F34 -> 21.157467 | C7: =B7/B6 -> 0.10578733 | D7: Full breakdown: Azure Spend Detail sheet
A8: Reserved for Project 1+ | B8: =B6-B7 -> 178.84253 | C8: =B8/B6 -> 0.89421267 | D8: Deliberate · Ground Zero does not consume Project 1 budget
A9: Validation · GZ + reserve | B9: =B7+B8 -> 200 | C9: =B9/B6 -> 1 | D9: Must equal $200 / 100%
A11: NFR-04 compliance check
A12: Check | B12: Value | C12: Status | D12: Notes
A13: NFR-04 · Ground Zero <= $25 | B13: 25 | C13: =IF(B7<=B13,"PASS","FAIL") -> PASS | D13: Charter NFR-04 ceiling
A15: Spend by Block
A16: Block | B16: Wave | C16: Description | D16: Est. $
A17: A · Platform & Identity | B17: 1 | C17: No Azure spend · local-only scaffold | D17: 0
A18: B · Runtime Substrate | B18: 1 | C18: No Azure spend · local-only (Wave 1) | D18: 0
A19: C · Delivery Pipeline | B19: 2 | C19: No Azure spend · GH Actions only | D19: 0
A20: D · Portfolio Control Plane | B20: 2 | C20: No Azure spend · GH Pages free | D20: 0
A21: E · Hello AI (build phase) | B21: 3 | C21: No Azure spend · Docker + Ollama local | D21: 0
A22: Wave 4 · Azure validation | B22: 4 | C22: Azure credit activated · validation | D22: ='Azure Spend Detail'!F34 -> 21.157467
A23: Wave 5 · Close-out | B23: 5 | C23: No Azure spend · docs + polish | D23: 0
A24: GROUND ZERO TOTAL | D24: =SUM(D17:D23) -> 21.157467

Sheet Azure Spend Detail
A1: Sheet · Azure Spend Detail · Wave 4 validation sprint
A2: All rates linked to Pricing Reference · quantities in blue · formulas in black
A4: Line item | B4: Qty | C4: Unit | D4: Rate ($) | E4: Formula basis | F4: Cost ($)
A5: — Tokens · Hello AI + test runs —
A6: GPT-4o-mini input · 10M tokens (dev + eval + tests) | B6: 10 | C6: M tokens | D6: ='Pricing Reference'!C5 -> 0.15 | E6: qty * rate | F6: =B6*D6 -> 1.5
A7: GPT-4o-mini output · 4M tokens | B7: 4 | C7: M tokens | D7: ='Pricing Reference'!C6 -> 0.6 | E7: qty * rate | F7: =B7*D7 -> 2.4
A8: text-embedding-3-small · 15M tokens | B8: 15 | C8: M tokens | D8: ='Pricing Reference'!C9 -> 0.022 | E8: qty * rate | F8: =B8*D8 -> 0.33
A9: GPT-4o input · 0.5M tokens (reasoning demo) | B9: 0.5 | C9: M tokens | D9: ='Pricing Reference'!C7 -> 2.5 | E9: qty * rate | F9: =B9*D9 -> 1.25
A10: GPT-4o output · 0.1M tokens | B10: 0.1 | C10: M tokens | D10: ='Pricing Reference'!C8 -> 10 | E10: qty * rate | F10: =B10*D10 -> 1
A11: — Compute · Container Apps (3 days pulse) —
A12: Container Apps vCPU-sec · 3d · 0.5 vCPU · 60% active | B12: 77760 | C12: vCPU-sec | D12: ='Pricing Reference'!C10 -> 2.4e-05 | E12: 3*86400*0.5*0.6 | F12: =B12*D12 -> 1.86624
A13: Container Apps GiB-sec · 3d · 1 GiB · 60% active | B13: 155520 | C13: GiB-sec | D13: ='Pricing Reference'!C11 -> 3e-06 | E13: 3*86400*1.0*0.6 | F13: =B13*D13 -> 0.46656
A14: — ML compute · fine-tune scaffold —
A15: Azure ML NC6 GPU · 2 hours (LoRA demo run) | B15: 2 | C15: hours | D15: ='Pricing Reference'!C15 -> 0.9 | E15: qty * rate | F15: =B15*D15 -> 1.8
A16: Fine-tune Online Endpoint · 1 hour ephemeral | B16: 1 | C16: hours | D16: ='Pricing Reference'!C14 -> 1.7 | E16: qty * rate | F16: =B16*D16 -> 1.7
A17: — Search · Storage · Security (free-tier) —
A18: AI Search Free tier · index scaffold | B18: 1 | C18: months | D18: ='Pricing Reference'!C12 -> 0 | E18: free-tier $0 | F18: =B18*D18 -> 0
A19: Cosmos DB · 1000 RU always-free | B19: 1 | C19: months | D19: ='Pricing Reference'!C18 -> 0 | E19: always-free $0 | F19: =B19*D19 -> 0
A20: Azure Blob Storage · under 5 GB | B20: 1 | C20: months | D20: ='Pricing Reference'!C19 -> 0 | E20: 12-mo free $0 | F20: =B20*D20 -> 0
A21: Content Safety F0 · under 5K txns | B21: 1 | C21: months | D21: ='Pricing Reference'!C21 -> 0 | E21: free tier $0 | F21: =B21*D21 -> 0
A22: Document Intelligence · 500 pages | B22: 0 | C22: 1000-pg | D22: ='Pricing Reference'!C16 -> 1.5 | E22: under free | F22: =B22*D22 -> 0
A23: Data egress · 10 GB (under 100GB free) | B23: 0 | C23: GB over | D23: ='Pricing Reference'!C17 -> 0.087 | E23: under free | F23: =B23*D23 -> 0
A24: — Paid misc (residual) —
A25: Key Vault · 50K ops | B25: 5 | C25: 10K-ops | D25: ='Pricing Reference'!C22 -> 0.03 | E25: qty * rate | F25: =B25*D25 -> 0.15
A26: Container Registry Basic · 7 days pro-rated | B26: 0.23333333 | C26: months | D26: ='Pricing Reference'!C23 -> 5 | E26: qty * rate | F26: =B26*D26 -> 1.1666667
A27: — ALLaM thin demo (regional signal · Brief E Deliverable 4g) —
A28: ALLaM managed endpoint · 1 hour ephemeral | B28: 1 | C28: hours | D28: ='Pricing Reference'!C24 -> 1.5 | E28: qty * rate | F28: =B28*D28 -> 1.5
A29: ALLaM input tokens · 30K (demo queries + prompts) | B29: 0.03 | C29: M tokens | D29: ='Pricing Reference'!C25 -> 0.4 | E29: qty * rate | F29: =B29*D29 -> 0.012
A30: ALLaM output tokens · 20K | B30: 0.02 | C30: M tokens | D30: ='Pricing Reference'!C26 -> 0.8 | E30: qty * rate | F30: =B30*D30 -> 0.016
A31: — Buffer —
A32: Unplanned / re-run buffer | B32: 1 | C32: flat | D32: 6 | E32: flat $ in rate col | F32: =B32*D32 -> 6
A34: GROUND ZERO AZURE SPEND TOTAL | F34: =SUM(F5:F32) -> 21.157467
A35: NFR-04 budget ceiling | F35: 25
A36: Headroom vs NFR-04 | F36: =F35-F34 -> 3.8425333

Sheet Pricing Reference
A1: GenAI Architect Portfolio · Ground Zero TCO
A2: Sheet · Pricing Reference (inputs · sources cited)
A4: Service | B4: Unit | C4: Rate ($) | D4: Source | E4: Cited
A5: GPT-4o-mini · input | B5: per 1M tokens | C5: 0.15 | D5: Azure OpenAI pricing | E5: 2026-04
A6: GPT-4o-mini · output | B6: per 1M tokens | C6: 0.6 | D6: Azure OpenAI pricing | E6: 2026-04
A7: GPT-4o · input | B7: per 1M tokens | C7: 2.5 | D7: Azure OpenAI pricing | E7: 2026-04
A8: GPT-4o · output | B8: per 1M tokens | C8: 10 | D8: Azure OpenAI pricing | E8: 2026-04
A9: text-embedding-3-small | B9: per 1M tokens | C9: 0.022 | D9: Azure OpenAI pricing | E9: 2026-04
A10: Container Apps · vCPU-second | B10: per vCPU-second | C10: 2.4e-05 | D10: Azure Container Apps pricing | E10: 2026-04
A11: Container Apps · GiB-second | B11: per GiB-second | C11: 3e-06 | D11: Azure Container Apps pricing | E11: 2026-04
A12: AI Search Free tier | B12: per month | C12: 0 | D12: Azure AI Search · 50MB · 3 indexes free | E12: 2026-04
A13: AI Search Basic (not used) | B13: per month | C13: 75 | D13: Azure AI Search · reference only | E13: 2026-04
A14: Fine-tune Online Endpoint | B14: per hour | C14: 1.7 | D14: Azure OpenAI fine-tuning hosting | E14: 2026-04
A15: Azure ML NC6 GPU (low-cost) | B15: per hour | C15: 0.9 | D15: Azure ML compute · spot / low SKU | E15: 2026-04
A16: Document Intelligence S0 | B16: per 1000 pages | C16: 1.5 | D16: Azure AI Document Intelligence | E16: 2026-04
... A26: ALLaM · output | B26: per 1M tokens | C26: 0.8 | D26: Azure AI Foundry · est · 7B model | E26: 2026-04
A28: Convention · BLUE = input · BLACK = formula · GREEN = cross-sheet link

Sheet Wave Schedule
A1: Sheet · Wave Schedule · when each cost incurs
A2: Azure activates Wave 4 only · prior waves on local + free-tier
A4: Wave | B4: Days | C4: Activities | D4: Azure state | E4: Spend ($)
A5: 1 | B5: 1-5 | C5: Blocks A + B (parallel) · Platform + Runtime scaffold | D5: Not activated | E5: 0
A6: 2 | B6: 6-10 | C6: Blocks C + D (parallel) · Pipeline + PCP | D6: Not activated | E6: 0
A7: 3 | B7: 11-14 | C7: Block E · Hello AI build · Docker Compose + Ollama local | D7: Not activated | E7: 0
A8: 4 | B8: 15-18 | C8: Azure ACTIVATED · validation · tests · tear-down proof | D8: ACTIVATED | E8: ='Azure Spend Detail'!F34 -> 21.157467
A9: 5 | B9: 19-21 | C9: Editorial HTML polish · runbook · close-out · Charter #1 handoff | D9: Post-teardown | E9: 0
A10: TOTAL GROUND ZERO SPEND | E10: =SUM(E5:E9) -> 21.157467
